27.220.49.106,9000,高匿名,HTTP,山东省菏泽市  联通,0.9秒,2018-08-22 11:31:07
115.211.41.213,9000,高匿名,HTTP,浙江省金华市  电信,3秒,2018-08-22 10:31:16
36.106.188.200,8118,高匿名,HTTP,天津市天津市  电信,3秒,2018-08-22 09:31:09
180.118.93.27,9000,高匿名,HTTP,中国 江苏省 镇江市 电信,2秒,2018-08-22 08:31:14
117.65.45.163,41766,高匿名,HTTP,安徽省蚌埠市  电信,0.9秒,2018-08-22 07:31:12
115.151.242.168,9000,高匿名,HTTP,江西省萍乡市  电信,1秒,2018-08-22 06:31:09
60.191.57.78,10080,高匿名,HTTP,浙江省杭州市  电信,3秒,2018-08-22 05:31:06
117.87.177.110,9000,高匿名,HTTP,江苏省徐州市  电信,1秒,2018-08-22 04:30:58
115.210.27.139,9000,高匿名,HTTP,浙江省金华市  电信,3秒,2018-08-22 03:31:06
223.150.38.211,9000,高匿名,HTTP,湖南省常德市  电信,2秒,2018-08-22 02:30:54
117.65.37.109,41766,高匿名,HTTP,安徽省蚌埠市  电信,2秒,2018-08-22 01:30:41
60.191.57.79,10010,高匿名,HTTP,浙江省杭州市  电信,3秒,2018-08-22 00:30:56
218.95.53.13,9000,高匿名,HTTP,江西省萍乡市  电信,3秒,2018-08-21 23:31:28
122.241.223.235,9000,高匿名,HTTP,浙江省丽水市  电信,1秒,2018-08-21 22:30:59
