7000,围网
7001,拖网
7002,围网
7003,拖网
7004,围网
7005,刺网
7006,围网
7007,拖网
7008,围网
7009,拖网
7010,拖网
7011,拖网
7012,拖网
7013,拖网
7014,拖网
7015,拖网
7016,拖网
7017,拖网
7018,刺网
7019,拖网
7020,围网
7021,拖网
7022,拖网
7023,拖网
7024,围网
7025,拖网
7026,围网
7027,拖网
7028,围网
7029,围网
7030,围网
7031,拖网
7032,拖网
7033,拖网
7034,刺网
7035,拖网
7036,拖网
7037,围网
7038,刺网
7039,刺网
7040,拖网
7041,拖网
7042,拖网
7043,拖网
7044,围网
7045,刺网
7046,围网
7047,围网
7048,拖网
7049,拖网
7050,围网
7051,拖网
7052,拖网
7053,刺网
7054,刺网
7055,拖网
7056,围网
7057,拖网
7058,围网
7059,拖网
7060,拖网
7061,拖网
7062,围网
7063,围网
7064,拖网
7065,刺网
7066,拖网
7067,围网
7068,刺网
7069,拖网
7070,围网
7071,拖网
7072,拖网
7073,围网
7074,围网
7075,拖网
7076,拖网
7077,拖网
7078,拖网
7079,拖网
7080,拖网
7081,拖网
7082,刺网
7083,拖网
7084,围网
7085,拖网
7086,拖网
7087,围网
7088,拖网
7089,拖网
7090,刺网
7091,拖网
7092,拖网
7093,拖网
7094,刺网
7095,拖网
7096,拖网
7097,拖网
7098,拖网
7099,围网
7100,拖网
7101,围网
7102,拖网
7103,刺网
7104,围网
7105,围网
7106,围网
7107,拖网
7108,刺网
7109,刺网
7110,拖网
7111,拖网
7112,围网
7113,拖网
7114,拖网
7115,刺网
7116,围网
7117,拖网
7118,刺网
7119,拖网
7120,刺网
7121,拖网
7122,拖网
7123,拖网
7124,拖网
7125,拖网
7126,拖网
7127,拖网
7128,拖网
7129,拖网
7130,刺网
7131,拖网
7132,拖网
7133,围网
7134,拖网
7135,拖网
7136,刺网
7137,拖网
7138,拖网
7139,围网
7140,拖网
7141,拖网
7142,拖网
7143,拖网
7144,拖网
7145,围网
7146,拖网
7147,拖网
7148,拖网
7149,围网
7150,拖网
7151,拖网
7152,拖网
7153,拖网
7154,拖网
7155,拖网
7156,围网
7157,拖网
7158,刺网
7159,拖网
7160,刺网
7161,拖网
7162,拖网
7163,拖网
7164,拖网
7165,拖网
7166,拖网
7167,拖网
7168,拖网
7169,拖网
7170,围网
7171,围网
7172,拖网
7173,拖网
7174,拖网
7175,拖网
7176,围网
7177,刺网
7178,拖网
7179,围网
7180,刺网
7181,拖网
7182,拖网
7183,拖网
7184,刺网
7185,拖网
7186,刺网
7187,拖网
7188,拖网
7189,拖网
7190,拖网
7191,拖网
7192,拖网
7193,围网
7194,拖网
7195,拖网
7196,拖网
7197,围网
7198,刺网
7199,围网
7200,拖网
7201,刺网
7202,刺网
7203,拖网
7204,拖网
7205,刺网
7206,拖网
7207,围网
7208,拖网
7209,刺网
7210,围网
7211,拖网
7212,围网
7213,拖网
7214,围网
7215,拖网
7216,拖网
7217,围网
7218,拖网
7219,围网
7220,拖网
7221,围网
7222,拖网
7223,围网
7224,刺网
7225,围网
7226,拖网
7227,拖网
7228,刺网
7229,拖网
7230,拖网
7231,刺网
7232,拖网
7233,拖网
7234,拖网
7235,围网
7236,拖网
7237,拖网
7238,围网
7239,拖网
7240,拖网
7241,拖网
7242,刺网
7243,拖网
7244,拖网
7245,围网
7246,拖网
7247,拖网
7248,围网
7249,围网
7250,围网
7251,拖网
7252,拖网
7253,拖网
7254,拖网
7255,拖网
7256,围网
7257,拖网
7258,拖网
7259,围网
7260,拖网
7261,围网
7262,拖网
7263,拖网
7264,拖网
7265,拖网
7266,拖网
7267,拖网
7268,围网
7269,拖网
7270,刺网
7271,拖网
7272,围网
7273,拖网
7274,拖网
7275,围网
7276,围网
7277,拖网
7278,刺网
7279,刺网
7280,拖网
7281,拖网
7282,拖网
7283,围网
7284,刺网
7285,刺网
7286,拖网
7287,拖网
7288,围网
7289,拖网
7290,拖网
7291,拖网
7292,拖网
7293,拖网
7294,围网
7295,拖网
7296,刺网
7297,拖网
7298,拖网
7299,拖网
7300,拖网
7301,刺网
7302,刺网
7303,刺网
7304,刺网
7305,拖网
7306,刺网
7307,拖网
7308,拖网
7309,刺网
7310,围网
7311,拖网
7312,拖网
7313,拖网
7314,拖网
7315,刺网
7316,拖网
7317,围网
7318,拖网
7319,围网
7320,刺网
7321,刺网
7322,拖网
7323,刺网
7324,拖网
7325,刺网
7326,拖网
7327,围网
7328,拖网
7329,拖网
7330,拖网
7331,围网
7332,拖网
7333,围网
7334,围网
7335,拖网
7336,拖网
7337,拖网
7338,拖网
7339,围网
7340,拖网
7341,刺网
7342,围网
7343,拖网
7344,拖网
7345,围网
7346,围网
7347,拖网
7348,拖网
7349,刺网
7350,拖网
7351,拖网
7352,拖网
7353,拖网
7354,围网
7355,拖网
7356,拖网
7357,拖网
7358,拖网
7359,拖网
7360,拖网
7361,围网
7362,拖网
7363,围网
7364,拖网
7365,拖网
7366,拖网
7367,拖网
7368,围网
7369,拖网
7370,刺网
7371,围网
7372,拖网
7373,拖网
7374,拖网
7375,围网
7376,刺网
7377,拖网
7378,围网
7379,围网
7380,拖网
7381,拖网
7382,拖网
7383,拖网
7384,拖网
7385,拖网
7386,拖网
7387,围网
7388,拖网
7389,拖网
7390,刺网
7391,拖网
7392,拖网
7393,拖网
7394,拖网
7395,围网
7396,拖网
7397,拖网
7398,刺网
7399,围网
7400,拖网
7401,围网
7402,刺网
7403,拖网
7404,拖网
7405,拖网
7406,拖网
7407,拖网
7408,刺网
7409,刺网
7410,拖网
7411,围网
7412,围网
7413,拖网
7414,拖网
7415,拖网
7416,围网
7417,围网
7418,拖网
7419,拖网
7420,拖网
7421,拖网
7422,围网
7423,拖网
7424,围网
7425,围网
7426,拖网
7427,拖网
7428,拖网
7429,围网
7430,刺网
7431,围网
7432,拖网
7433,拖网
7434,拖网
7435,围网
7436,围网
7437,拖网
7438,拖网
7439,拖网
7440,拖网
7441,拖网
7442,刺网
7443,拖网
7444,拖网
7445,拖网
7446,刺网
7447,拖网
7448,拖网
7449,拖网
7450,拖网
7451,拖网
7452,拖网
7453,拖网
7454,拖网
7455,拖网
7456,拖网
7457,拖网
7458,围网
7459,拖网
7460,围网
7461,拖网
7462,拖网
7463,拖网
7464,拖网
7465,拖网
7466,围网
7467,拖网
7468,拖网
7469,拖网
7470,拖网
7471,拖网
7472,拖网
7473,拖网
7474,拖网
7475,围网
7476,刺网
7477,围网
7478,拖网
7479,刺网
7480,围网
7481,围网
7482,拖网
7483,刺网
7484,刺网
7485,拖网
7486,拖网
7487,围网
7488,拖网
7489,拖网
7490,拖网
7491,拖网
7492,拖网
7493,拖网
7494,拖网
7495,拖网
7496,围网
7497,拖网
7498,拖网
7499,拖网
7500,拖网
7501,围网
7502,拖网
7503,拖网
7504,刺网
7505,拖网
7506,拖网
7507,围网
7508,拖网
7509,拖网
7510,刺网
7511,拖网
7512,刺网
7513,拖网
7514,拖网
7515,拖网
7516,围网
7517,拖网
7518,拖网
7519,围网
7520,刺网
7521,围网
7522,围网
7523,拖网
7524,刺网
7525,拖网
7526,围网
7527,拖网
7528,拖网
7529,围网
7530,刺网
7531,围网
7532,拖网
7533,围网
7534,拖网
7535,拖网
7536,拖网
7537,拖网
7538,拖网
7539,刺网
7540,拖网
7541,拖网
7542,拖网
7543,围网
7544,围网
7545,拖网
7546,拖网
7547,拖网
7548,拖网
7549,围网
7550,刺网
7551,刺网
7552,围网
7553,拖网
7554,围网
7555,拖网
7556,拖网
7557,围网
7558,拖网
7559,拖网
7560,围网
7561,刺网
7562,围网
7563,拖网
7564,围网
7565,围网
7566,拖网
7567,刺网
7568,刺网
7569,拖网
7570,拖网
7571,拖网
7572,拖网
7573,拖网
7574,拖网
7575,拖网
7576,围网
7577,拖网
7578,刺网
7579,围网
7580,拖网
7581,拖网
7582,拖网
7583,围网
7584,围网
7585,拖网
7586,围网
7587,围网
7588,拖网
7589,拖网
7590,围网
7591,拖网
7592,拖网
7593,围网
7594,刺网
7595,拖网
7596,拖网
7597,拖网
7598,拖网
7599,拖网
7600,拖网
7601,刺网
7602,刺网
7603,拖网
7604,拖网
7605,拖网
7606,拖网
7607,拖网
7608,拖网
7609,拖网
7610,刺网
7611,围网
7612,拖网
7613,拖网
7614,拖网
7615,围网
7616,围网
7617,拖网
7618,围网
7619,拖网
7620,拖网
7621,拖网
7622,拖网
7623,拖网
7624,拖网
7625,围网
7626,刺网
7627,拖网
7628,拖网
7629,拖网
7630,拖网
7631,拖网
7632,拖网
7633,拖网
7634,围网
7635,刺网
7636,围网
7637,拖网
7638,拖网
7639,围网
7640,围网
7641,拖网
7642,拖网
7643,拖网
7644,拖网
7645,拖网
7646,拖网
7647,拖网
7648,围网
7649,拖网
7650,拖网
7651,拖网
7652,拖网
7653,拖网
7654,围网
7655,拖网
7656,拖网
7657,围网
7658,拖网
7659,围网
7660,拖网
7661,拖网
7662,拖网
7663,刺网
7664,刺网
7665,围网
7666,围网
7667,围网
7668,拖网
7669,拖网
7670,拖网
7671,围网
7672,围网
7673,拖网
7674,围网
7675,刺网
7676,围网
7677,围网
7678,围网
7679,刺网
7680,刺网
7681,围网
7682,拖网
7683,拖网
7684,拖网
7685,刺网
7686,拖网
7687,拖网
7688,拖网
7689,刺网
7690,拖网
7691,围网
7692,拖网
7693,围网
7694,拖网
7695,围网
7696,拖网
7697,拖网
7698,拖网
7699,围网
7700,拖网
7701,拖网
7702,拖网
7703,围网
7704,拖网
7705,拖网
7706,围网
7707,拖网
7708,刺网
7709,拖网
7710,围网
7711,拖网
7712,围网
7713,刺网
7714,拖网
7715,围网
7716,围网
7717,围网
7718,拖网
7719,刺网
7720,围网
7721,刺网
7722,拖网
7723,围网
7724,拖网
7725,拖网
7726,拖网
7727,拖网
7728,拖网
7729,围网
7730,围网
7731,围网
7732,围网
7733,拖网
7734,拖网
7735,拖网
7736,拖网
7737,围网
7738,拖网
7739,刺网
7740,拖网
7741,拖网
7742,拖网
7743,围网
7744,围网
7745,拖网
7746,围网
7747,拖网
7748,拖网
7749,拖网
7750,刺网
7751,拖网
7752,拖网
7753,刺网
7754,围网
7755,刺网
7756,拖网
7757,拖网
7758,拖网
7759,刺网
7760,拖网
7761,拖网
7762,拖网
7763,拖网
7764,拖网
7765,刺网
7766,刺网
7767,拖网
7768,围网
7769,拖网
7770,拖网
7771,围网
7772,拖网
7773,围网
7774,拖网
7775,围网
7776,拖网
7777,拖网
7778,拖网
7779,拖网
7780,拖网
7781,围网
7782,拖网
7783,拖网
7784,拖网
7785,刺网
7786,围网
7787,拖网
7788,刺网
7789,拖网
7790,拖网
7791,拖网
7792,拖网
7793,拖网
7794,拖网
7795,围网
7796,拖网
7797,拖网
7798,拖网
7799,围网
7800,拖网
7801,围网
7802,拖网
7803,拖网
7804,围网
7805,刺网
7806,拖网
7807,刺网
7808,拖网
7809,拖网
7810,围网
7811,围网
7812,刺网
7813,拖网
7814,拖网
7815,拖网
7816,拖网
7817,围网
7818,拖网
7819,拖网
7820,围网
7821,刺网
7822,围网
7823,拖网
7824,拖网
7825,围网
7826,围网
7827,拖网
7828,拖网
7829,刺网
7830,拖网
7831,拖网
7832,拖网
7833,拖网
7834,拖网
7835,刺网
7836,围网
7837,拖网
7838,拖网
7839,拖网
7840,拖网
7841,刺网
7842,围网
7843,拖网
7844,拖网
7845,围网
7846,拖网
7847,拖网
7848,围网
7849,围网
7850,拖网
7851,拖网
7852,拖网
7853,拖网
7854,拖网
7855,拖网
7856,刺网
7857,拖网
7858,拖网
7859,围网
7860,拖网
7861,围网
7862,拖网
7863,拖网
7864,围网
7865,拖网
7866,围网
7867,拖网
7868,拖网
7869,拖网
7870,刺网
7871,围网
7872,拖网
7873,拖网
7874,围网
7875,拖网
7876,围网
7877,刺网
7878,拖网
7879,拖网
7880,拖网
7881,拖网
7882,刺网
7883,拖网
7884,拖网
7885,拖网
7886,拖网
7887,围网
7888,拖网
7889,拖网
7890,围网
7891,围网
7892,拖网
7893,拖网
7894,刺网
7895,刺网
7896,围网
7897,围网
7898,刺网
7899,刺网
7900,拖网
7901,拖网
7902,拖网
7903,围网
7904,拖网
7905,拖网
7906,拖网
7907,围网
7908,拖网
7909,拖网
7910,刺网
7911,围网
7912,拖网
7913,拖网
7914,拖网
7915,刺网
7916,刺网
7917,拖网
7918,拖网
7919,拖网
7920,拖网
7921,拖网
7922,围网
7923,围网
7924,拖网
7925,围网
7926,拖网
7927,拖网
7928,拖网
7929,拖网
7930,拖网
7931,拖网
7932,拖网
7933,拖网
7934,刺网
7935,拖网
7936,拖网
7937,刺网
7938,拖网
7939,拖网
7940,围网
7941,拖网
7942,拖网
7943,围网
7944,拖网
7945,围网
7946,拖网
7947,拖网
7948,刺网
7949,刺网
7950,拖网
7951,拖网
7952,刺网
7953,拖网
7954,围网
7955,拖网
7956,拖网
7957,拖网
7958,围网
7959,围网
7960,拖网
7961,刺网
7962,拖网
7963,拖网
7964,拖网
7965,拖网
7966,刺网
7967,拖网
7968,围网
7969,拖网
7970,拖网
7971,围网
7972,拖网
7973,围网
7974,围网
7975,刺网
7976,拖网
7977,刺网
7978,拖网
7979,拖网
7980,围网
7981,围网
7982,拖网
7983,拖网
7984,刺网
7985,拖网
7986,拖网
7987,拖网
7988,拖网
7989,拖网
7990,拖网
7991,围网
7992,拖网
7993,拖网
7994,围网
7995,拖网
7996,拖网
7997,拖网
7998,拖网
7999,拖网
8000,围网
8001,拖网
8002,拖网
8003,围网
8004,拖网
8005,拖网
8006,拖网
8007,拖网
8008,拖网
8009,拖网
8010,围网
8011,拖网
8012,刺网
8013,拖网
8014,拖网
8015,拖网
8016,拖网
8017,拖网
8018,拖网
8019,围网
8020,拖网
8021,拖网
8022,围网
8023,拖网
8024,拖网
8025,拖网
8026,围网
8027,拖网
8028,围网
8029,拖网
8030,刺网
8031,拖网
8032,拖网
8033,拖网
8034,围网
8035,刺网
8036,刺网
8037,拖网
8038,拖网
8039,拖网
8040,拖网
8041,围网
8042,围网
8043,拖网
8044,拖网
8045,拖网
8046,拖网
8047,刺网
8048,围网
8049,围网
8050,围网
8051,拖网
8052,拖网
8053,拖网
8054,刺网
8055,拖网
8056,拖网
8057,拖网
8058,拖网
8059,刺网
8060,拖网
8061,拖网
8062,拖网
8063,围网
8064,拖网
8065,拖网
8066,拖网
8067,拖网
8068,拖网
8069,拖网
8070,拖网
8071,拖网
8072,拖网
8073,拖网
8074,拖网
8075,刺网
8076,刺网
8077,拖网
8078,围网
8079,拖网
8080,围网
8081,拖网
8082,拖网
8083,拖网
8084,拖网
8085,围网
8086,围网
8087,刺网
8088,拖网
8089,围网
8090,拖网
8091,刺网
8092,拖网
8093,拖网
8094,拖网
8095,围网
8096,拖网
8097,拖网
8098,围网
8099,围网
8100,拖网
8101,围网
8102,拖网
8103,围网
8104,围网
8105,刺网
8106,围网
8107,拖网
8108,拖网
8109,拖网
8110,刺网
8111,围网
8112,刺网
8113,拖网
8114,刺网
8115,拖网
8116,拖网
8117,拖网
8118,拖网
8119,刺网
8120,围网
8121,拖网
8122,围网
8123,围网
8124,拖网
8125,拖网
8126,围网
8127,拖网
8128,拖网
8129,拖网
8130,围网
8131,围网
8132,围网
8133,拖网
8134,拖网
8135,围网
8136,拖网
8137,围网
8138,拖网
8139,拖网
8140,拖网
8141,拖网
8142,刺网
8143,拖网
8144,拖网
8145,拖网
8146,拖网
8147,拖网
8148,围网
8149,拖网
8150,拖网
8151,拖网
8152,拖网
8153,刺网
8154,围网
8155,拖网
8156,拖网
8157,拖网
8158,拖网
8159,拖网
8160,拖网
8161,拖网
8162,拖网
8163,拖网
8164,刺网
8165,拖网
8166,拖网
8167,拖网
8168,拖网
8169,拖网
8170,围网
8171,围网
8172,拖网
8173,拖网
8174,拖网
8175,围网
8176,拖网
8177,拖网
8178,拖网
8179,拖网
8180,围网
8181,拖网
8182,拖网
8183,拖网
8184,围网
8185,拖网
8186,刺网
8187,拖网
8188,拖网
8189,围网
8190,拖网
8191,拖网
8192,拖网
8193,拖网
8194,拖网
8195,围网
8196,刺网
8197,拖网
8198,拖网
8199,刺网
8200,围网
8201,刺网
8202,拖网
8203,拖网
8204,围网
8205,拖网
8206,围网
8207,拖网
8208,拖网
8209,围网
8210,拖网
8211,拖网
8212,拖网
8213,围网
8214,围网
8215,拖网
8216,拖网
8217,拖网
8218,拖网
8219,围网
8220,拖网
8221,拖网
8222,围网
8223,拖网
8224,拖网
8225,围网
8226,拖网
8227,拖网
8228,围网
8229,拖网
8230,拖网
8231,围网
8232,拖网
8233,刺网
8234,拖网
8235,拖网
8236,拖网
8237,拖网
8238,围网
8239,围网
8240,刺网
8241,拖网
8242,拖网
8243,拖网
8244,刺网
8245,围网
8246,围网
8247,拖网
8248,围网
8249,围网
8250,拖网
8251,围网
8252,拖网
8253,拖网
8254,围网
8255,刺网
8256,围网
8257,拖网
8258,拖网
8259,拖网
8260,拖网
8261,刺网
8262,拖网
8263,拖网
8264,拖网
8265,围网
8266,拖网
8267,拖网
8268,拖网
8269,拖网
8270,刺网
8271,刺网
8272,拖网
8273,围网
8274,拖网
8275,围网
8276,拖网
8277,拖网
8278,拖网
8279,拖网
8280,围网
8281,围网
8282,拖网
8283,拖网
8284,围网
8285,围网
8286,拖网
8287,拖网
8288,刺网
8289,围网
8290,拖网
8291,拖网
8292,拖网
8293,拖网
8294,围网
8295,拖网
8296,拖网
8297,围网
8298,拖网
8299,拖网
8300,拖网
8301,拖网
8302,刺网
8303,拖网
8304,拖网
8305,拖网
8306,拖网
8307,拖网
8308,围网
8309,拖网
8310,刺网
8311,拖网
8312,拖网
8313,拖网
8314,刺网
8315,拖网
8316,围网
8317,拖网
8318,拖网
8319,拖网
8320,刺网
8321,拖网
8322,刺网
8323,拖网
8324,拖网
8325,拖网
8326,拖网
8327,刺网
8328,围网
8329,拖网
8330,刺网
8331,拖网
8332,拖网
8333,拖网
8334,拖网
8335,拖网
8336,拖网
8337,围网
8338,拖网
8339,刺网
8340,拖网
8341,围网
8342,拖网
8343,刺网
8344,拖网
8345,刺网
8346,拖网
8347,拖网
8348,拖网
8349,拖网
8350,拖网
8351,拖网
8352,拖网
8353,拖网
8354,拖网
8355,拖网
8356,围网
8357,围网
8358,拖网
8359,拖网
8360,拖网
8361,刺网
8362,围网
8363,拖网
8364,拖网
8365,拖网
8366,刺网
8367,拖网
8368,围网
8369,围网
8370,拖网
8371,刺网
8372,拖网
8373,拖网
8374,拖网
8375,拖网
8376,拖网
8377,围网
8378,拖网
8379,拖网
8380,拖网
8381,拖网
8382,围网
8383,拖网
8384,刺网
8385,拖网
8386,拖网
8387,拖网
8388,拖网
8389,拖网
8390,拖网
8391,围网
8392,刺网
8393,拖网
8394,拖网
8395,围网
8396,拖网
8397,拖网
8398,围网
8399,拖网
8400,拖网
8401,围网
8402,拖网
8403,围网
8404,拖网
8405,拖网
8406,拖网
8407,拖网
8408,刺网
8409,拖网
8410,拖网
8411,围网
8412,拖网
8413,拖网
8414,拖网
8415,拖网
8416,拖网
8417,拖网
8418,拖网
8419,拖网
8420,刺网
8421,刺网
8422,拖网
8423,围网
8424,拖网
8425,拖网
8426,拖网
8427,围网
8428,刺网
8429,围网
8430,拖网
8431,拖网
8432,拖网
8433,拖网
8434,拖网
8435,拖网
8436,拖网
8437,围网
8438,刺网
8439,拖网
8440,拖网
8441,拖网
8442,围网
8443,拖网
8444,拖网
8445,拖网
8446,拖网
8447,围网
8448,拖网
8449,刺网
8450,刺网
8451,围网
8452,刺网
8453,拖网
8454,刺网
8455,刺网
8456,拖网
8457,拖网
8458,刺网
8459,刺网
8460,拖网
8461,拖网
8462,拖网
8463,拖网
8464,拖网
8465,拖网
8466,围网
8467,拖网
8468,拖网
8469,围网
8470,拖网
8471,拖网
8472,拖网
8473,拖网
8474,围网
8475,围网
8476,拖网
8477,拖网
8478,围网
8479,拖网
8480,拖网
8481,拖网
8482,拖网
8483,拖网
8484,拖网
8485,刺网
8486,拖网
8487,拖网
8488,围网
8489,围网
8490,拖网
8491,围网
8492,拖网
8493,拖网
8494,围网
8495,拖网
8496,拖网
8497,拖网
8498,拖网
8499,拖网
8500,拖网
8501,拖网
8502,拖网
8503,拖网
8504,拖网
8505,拖网
8506,围网
8507,刺网
8508,拖网
8509,拖网
8510,拖网
8511,刺网
8512,刺网
8513,围网
8514,拖网
8515,刺网
8516,拖网
8517,拖网
8518,刺网
8519,拖网
8520,拖网
8521,拖网
8522,拖网
8523,拖网
8524,围网
8525,刺网
8526,刺网
8527,围网
8528,拖网
8529,拖网
8530,拖网
8531,围网
8532,围网
8533,拖网
8534,围网
8535,拖网
8536,围网
8537,拖网
8538,拖网
8539,拖网
8540,围网
8541,拖网
8542,围网
8543,拖网
8544,拖网
8545,刺网
8546,围网
8547,拖网
8548,刺网
8549,拖网
8550,拖网
8551,围网
8552,拖网
8553,拖网
8554,围网
8555,围网
8556,拖网
8557,围网
8558,拖网
8559,拖网
8560,围网
8561,拖网
8562,拖网
8563,围网
8564,拖网
8565,拖网
8566,拖网
8567,围网
8568,拖网
8569,围网
8570,刺网
8571,拖网
8572,围网
8573,刺网
8574,刺网
8575,拖网
8576,围网
8577,拖网
8578,拖网
8579,刺网
8580,围网
8581,围网
8582,拖网
8583,拖网
8584,拖网
8585,围网
8586,围网
8587,拖网
8588,拖网
8589,拖网
8590,拖网
8591,拖网
8592,拖网
8593,拖网
8594,围网
8595,拖网
8596,拖网
8597,拖网
8598,拖网
8599,拖网
8600,围网
8601,拖网
8602,拖网
8603,刺网
8604,拖网
8605,拖网
8606,围网
8607,拖网
8608,拖网
8609,拖网
8610,拖网
8611,刺网
8612,围网
8613,拖网
8614,拖网
8615,拖网
8616,围网
8617,拖网
8618,拖网
8619,拖网
8620,拖网
8621,刺网
8622,拖网
8623,拖网
8624,围网
8625,刺网
8626,围网
8627,拖网
8628,拖网
8629,拖网
8630,拖网
8631,围网
8632,刺网
8633,拖网
8634,拖网
8635,围网
8636,拖网
8637,拖网
8638,拖网
8639,拖网
8640,拖网
8641,拖网
8642,拖网
8643,拖网
8644,围网
8645,围网
8646,围网
8647,刺网
8648,围网
8649,拖网
8650,拖网
8651,拖网
8652,拖网
8653,拖网
8654,围网
8655,拖网
8656,拖网
8657,围网
8658,拖网
8659,刺网
8660,拖网
8661,拖网
8662,刺网
8663,拖网
8664,拖网
8665,拖网
8666,拖网
8667,围网
8668,拖网
8669,围网
8670,拖网
8671,拖网
8672,拖网
8673,拖网
8674,围网
8675,围网
8676,刺网
8677,围网
8678,拖网
8679,围网
8680,拖网
8681,刺网
8682,围网
8683,围网
8684,拖网
8685,围网
8686,拖网
8687,拖网
8688,拖网
8689,拖网
8690,围网
8691,拖网
8692,围网
8693,拖网
8694,拖网
8695,刺网
8696,拖网
8697,刺网
8698,拖网
8699,拖网
8700,围网
8701,拖网
8702,拖网
8703,围网
8704,围网
8705,刺网
8706,拖网
8707,拖网
8708,拖网
8709,刺网
8710,拖网
8711,拖网
8712,围网
8713,拖网
8714,围网
8715,围网
8716,拖网
8717,拖网
8718,拖网
8719,拖网
8720,围网
8721,拖网
8722,围网
8723,拖网
8724,拖网
8725,围网
8726,围网
8727,拖网
8728,围网
8729,拖网
8730,围网
8731,拖网
8732,围网
8733,刺网
8734,拖网
8735,拖网
8736,拖网
8737,围网
8738,拖网
8739,围网
8740,拖网
8741,拖网
8742,拖网
8743,拖网
8744,拖网
8745,拖网
8746,围网
8747,拖网
8748,拖网
8749,拖网
8750,围网
8751,拖网
8752,拖网
8753,拖网
8754,围网
8755,拖网
8756,刺网
8757,拖网
8758,围网
8759,拖网
8760,围网
8761,拖网
8762,拖网
8763,拖网
8764,拖网
8765,拖网
8766,拖网
8767,围网
8768,拖网
8769,围网
8770,拖网
8771,拖网
8772,围网
8773,拖网
8774,刺网
8775,拖网
8776,拖网
8777,拖网
8778,拖网
8779,刺网
8780,拖网
8781,拖网
8782,拖网
8783,拖网
8784,拖网
8785,拖网
8786,拖网
8787,拖网
8788,围网
8789,拖网
8790,拖网
8791,围网
8792,拖网
8793,拖网
8794,拖网
8795,围网
8796,拖网
8797,拖网
8798,拖网
8799,拖网
8800,拖网
8801,拖网
8802,拖网
8803,拖网
8804,刺网
8805,拖网
8806,拖网
8807,刺网
8808,刺网
8809,拖网
8810,围网
8811,拖网
8812,拖网
8813,拖网
8814,刺网
8815,拖网
8816,围网
8817,拖网
8818,围网
8819,刺网
8820,拖网
8821,拖网
8822,刺网
8823,拖网
8824,拖网
8825,拖网
8826,拖网
8827,刺网
8828,拖网
8829,拖网
8830,拖网
8831,拖网
8832,拖网
8833,拖网
8834,刺网
8835,拖网
8836,拖网
8837,围网
8838,刺网
8839,围网
8840,拖网
8841,拖网
8842,拖网
8843,拖网
8844,刺网
8845,刺网
8846,刺网
8847,拖网
8848,拖网
8849,围网
8850,拖网
8851,围网
8852,拖网
8853,拖网
8854,刺网
8855,刺网
8856,拖网
8857,刺网
8858,拖网
8859,拖网
8860,围网
8861,刺网
8862,拖网
8863,拖网
8864,刺网
8865,拖网
8866,围网
8867,围网
8868,拖网
8869,围网
8870,围网
8871,拖网
8872,拖网
8873,围网
8874,拖网
8875,拖网
8876,拖网
8877,拖网
8878,拖网
8879,刺网
8880,拖网
8881,拖网
8882,拖网
8883,刺网
8884,拖网
8885,拖网
8886,拖网
8887,拖网
8888,围网
8889,拖网
8890,围网
8891,围网
8892,拖网
8893,拖网
8894,拖网
8895,拖网
8896,刺网
8897,拖网
8898,围网
8899,拖网
8900,围网
8901,拖网
8902,拖网
8903,刺网
8904,拖网
8905,刺网
8906,拖网
8907,拖网
8908,刺网
8909,拖网
8910,拖网
8911,拖网
8912,拖网
8913,拖网
8914,拖网
8915,拖网
8916,围网
8917,拖网
8918,围网
8919,围网
8920,拖网
8921,拖网
8922,围网
8923,围网
8924,拖网
8925,刺网
8926,围网
8927,围网
8928,拖网
8929,拖网
8930,拖网
8931,拖网
8932,围网
8933,刺网
8934,拖网
8935,围网
8936,围网
8937,拖网
8938,拖网
8939,拖网
8940,围网
8941,拖网
8942,拖网
8943,围网
8944,拖网
8945,拖网
8946,拖网
8947,刺网
8948,拖网
8949,拖网
8950,拖网
8951,拖网
8952,拖网
8953,围网
8954,拖网
8955,拖网
8956,拖网
8957,拖网
8958,拖网
8959,拖网
8960,刺网
8961,拖网
8962,拖网
8963,拖网
8964,拖网
8965,拖网
8966,围网
8967,拖网
8968,拖网
8969,刺网
8970,围网
8971,拖网
8972,拖网
8973,拖网
8974,拖网
8975,拖网
8976,拖网
8977,拖网
8978,围网
8979,拖网
8980,拖网
8981,围网
8982,拖网
8983,围网
8984,拖网
8985,拖网
8986,拖网
8987,围网
8988,围网
8989,拖网
8990,拖网
8991,围网
8992,拖网
8993,刺网
8994,拖网
8995,围网
8996,围网
8997,刺网
8998,拖网
8999,围网
